MS,X,Y,DURACAO_FRAMES,DATE_FIM
241.0,837.0,637.0,5,2022-04-10 14:12:52.519
494.0,894.0,240.0,10,2022-04-10 14:12:53.111
402.0,921.0,138.0,9,2022-04-10 14:12:53.559
125.0,215.0,31.0,3,2022-04-10 14:12:54.404
364.0,990.0,281.0,7,2022-04-10 14:12:55.577
396.0,1006.0,432.0,9,2022-04-10 14:12:56.374
101.0,810.0,480.0,3,2022-04-10 14:12:56.524
382.0,700.0,524.0,9,2022-04-10 14:12:56.965
313.0,801.0,524.0,6,2022-04-10 14:12:57.338
754.0,872.0,435.0,14,2022-04-10 14:12:58.692
104.0,974.0,481.0,3,2022-04-10 14:12:58.858
186.0,562.0,631.0,4,2022-04-10 14:12:59.146
265.0,1012.0,646.0,6,2022-04-10 14:12:59.519
361.0,502.0,587.0,7,2022-04-10 14:13:03.083
553.0,508.0,621.0,11,2022-04-10 14:13:05.815
647.0,899.0,649.0,13,2022-04-10 14:13:06.565
957.0,465.0,643.0,20,2022-04-10 14:13:07.656
188.0,902.0,690.0,5,2022-04-10 14:13:07.944
247.0,1012.0,716.0,5,2022-04-10 14:13:08.232
276.0,956.0,689.0,6,2022-04-10 14:13:08.930
169.0,1186.0,652.0,4,2022-04-10 14:13:09.162
202.0,975.0,617.0,5,2022-04-10 14:13:09.417
493.0,925.0,574.0,11,2022-04-10 14:13:10.048
814.0,1083.0,628.0,16,2022-04-10 14:13:12.010
1751.0,1134.0,579.0,34,2022-04-10 14:13:14.870
4428.0,1235.0,556.0,87,2022-04-10 14:13:19.341
413.0,1086.0,620.0,8,2022-04-10 14:13:19.811
216.0,978.0,512.0,5,2022-04-10 14:13:20.113
1713.0,1150.0,515.0,35,2022-04-10 14:13:21.878
423.0,1152.0,616.0,9,2022-04-10 14:13:22.353
415.0,1043.0,636.0,9,2022-04-10 14:13:22.842
152.0,1216.0,608.0,4,2022-04-10 14:13:23.047
1273.0,1130.0,711.0,26,2022-04-10 14:13:24.367
312.0,1097.0,577.0,7,2022-04-10 14:13:24.744
811.0,1096.0,476.0,15,2022-04-10 14:13:25.606
6402.0,1131.0,546.0,124,2022-04-10 14:13:32.113
2852.0,924.0,623.0,55,2022-04-10 14:13:35.162
301.0,1188.0,550.0,6,2022-04-10 14:13:35.518
1729.0,1149.0,505.0,35,2022-04-10 14:13:38.023
613.0,1056.0,610.0,12,2022-04-10 14:13:38.685
694.0,1061.0,638.0,15,2022-04-10 14:13:45.339
401.0,1069.0,640.0,8,2022-04-10 14:13:46.894
304.0,1062.0,523.0,7,2022-04-10 14:13:47.245
587.0,1163.0,595.0,13,2022-04-10 14:13:47.884
696.0,1060.0,538.0,15,2022-04-10 14:13:48.630
659.0,959.0,532.0,13,2022-04-10 14:13:49.357
178.0,1073.0,487.0,4,2022-04-10 14:13:49.615
137.0,966.0,493.0,4,2022-04-10 14:13:49.807
197.0,751.0,663.0,5,2022-04-10 14:13:52.924
346.0,1062.0,558.0,8,2022-04-10 14:13:53.384
652.0,960.0,572.0,13,2022-04-10 14:13:54.908
529.0,578.0,568.0,11,2022-04-10 14:13:57.368
1039.0,933.0,189.0,19,2022-04-10 14:13:58.477
113.0,678.0,542.0,3,2022-04-10 14:13:58.647
302.0,582.0,652.0,7,2022-04-10 14:13:59.011
396.0,912.0,344.0,8,2022-04-10 14:13:59.458
1537.0,1027.0,702.0,30,2022-04-10 14:14:08.237
4880.0,1175.0,645.0,91,2022-04-10 14:14:18.237
295.0,1157.0,593.0,7,2022-04-10 14:14:19.901
1380.0,1133.0,694.0,28,2022-04-10 14:14:21.326
1084.0,995.0,669.0,21,2022-04-10 14:14:22.458
989.0,1116.0,572.0,20,2022-04-10 14:14:23.869
354.0,1059.0,675.0,8,2022-04-10 14:14:24.283
954.0,1231.0,599.0,18,2022-04-10 14:14:27.014
198.0,1150.0,514.0,5,2022-04-10 14:14:28.152
2487.0,1148.0,636.0,49,2022-04-10 14:14:30.774
393.0,1104.0,627.0,8,2022-04-10 14:14:32.080
2806.0,1128.0,689.0,53,2022-04-10 14:14:35.136
397.0,1128.0,652.0,9,2022-04-10 14:14:36.103
200.0,1146.0,691.0,5,2022-04-10 14:14:36.499
2057.0,1105.0,583.0,37,2022-04-10 14:14:38.609
1250.0,1125.0,563.0,26,2022-04-10 14:14:39.998
108.0,1158.0,583.0,3,2022-04-10 14:14:40.554
4147.0,1173.0,618.0,79,2022-04-10 14:14:44.816
414.0,1146.0,497.0,9,2022-04-10 14:14:45.280
341.0,1093.0,482.0,7,2022-04-10 14:14:45.775
304.0,1147.0,600.0,6,2022-04-10 14:14:46.131
361.0,1139.0,459.0,8,2022-04-10 14:14:46.569
1511.0,1104.0,598.0,31,2022-04-10 14:14:48.125
431.0,1145.0,698.0,9,2022-04-10 14:14:48.619
1371.0,1129.0,597.0,27,2022-04-10 14:14:50.054
235.0,1119.0,450.0,6,2022-04-10 14:14:50.361
495.0,1115.0,636.0,10,2022-04-10 14:14:50.915
147.0,1148.0,616.0,4,2022-04-10 14:14:51.400
339.0,1152.0,515.0,7,2022-04-10 14:14:51.796
2446.0,1122.0,632.0,43,2022-04-10 14:14:54.299
583.0,1103.0,501.0,13,2022-04-10 14:14:55.362
104.0,1062.0,370.0,3,2022-04-10 14:14:55.513
462.0,1098.0,477.0,10,2022-04-10 14:14:56.022
1426.0,1079.0,656.0,27,2022-04-10 14:14:57.503
505.0,1109.0,687.0,11,2022-04-10 14:14:58.188
860.0,1103.0,429.0,17,2022-04-10 14:14:59.100
262.0,1136.0,533.0,6,2022-04-10 14:14:59.410
1140.0,1123.0,637.0,22,2022-04-10 14:15:00.602
2282.0,1138.0,649.0,44,2022-04-10 14:15:03.185
441.0,1034.0,627.0,10,2022-04-10 14:15:03.688
501.0,1072.0,509.0,10,2022-04-10 14:15:04.237
732.0,1053.0,378.0,13,2022-04-10 14:15:05.115
494.0,1066.0,584.0,11,2022-04-10 14:15:05.720
151.0,1012.0,626.0,4,2022-04-10 14:15:06.333
580.0,1001.0,389.0,12,2022-04-10 14:15:07.017
191.0,1072.0,655.0,5,2022-04-10 14:15:07.311
515.0,1045.0,624.0,11,2022-04-10 14:15:08.179
842.0,1076.0,249.0,18,2022-04-10 14:15:09.132
730.0,1069.0,716.0,15,2022-04-10 14:15:09.963
183.0,999.0,426.0,4,2022-04-10 14:15:10.263
268.0,986.0,321.0,6,2022-04-10 14:15:10.610
1018.0,1054.0,619.0,21,2022-04-10 14:15:11.776
244.0,1003.0,396.0,6,2022-04-10 14:15:12.164
374.0,1101.0,280.0,7,2022-04-10 14:15:12.578
327.0,1069.0,388.0,7,2022-04-10 14:15:12.953
487.0,1087.0,567.0,10,2022-04-10 14:15:13.509
492.0,1115.0,432.0,11,2022-04-10 14:15:14.347
1049.0,1091.0,382.0,20,2022-04-10 14:15:15.489
1039.0,1085.0,520.0,20,2022-04-10 14:15:16.595
194.0,1092.0,417.0,5,2022-04-10 14:15:16.834
1405.0,1137.0,518.0,28,2022-04-10 14:15:18.291
555.0,1143.0,384.0,11,2022-04-10 14:15:18.901
1498.0,1129.0,491.0,30,2022-04-10 14:15:20.478
1047.0,1147.0,388.0,20,2022-04-10 14:15:21.578
623.0,1177.0,266.0,14,2022-04-10 14:15:22.245
1737.0,1169.0,387.0,33,2022-04-10 14:15:24.030
319.0,1095.0,264.0,7,2022-04-10 14:15:24.407
1727.0,1105.0,399.0,34,2022-04-10 14:15:26.175
1175.0,1076.0,292.0,23,2022-04-10 14:15:27.401
492.0,1052.0,158.0,11,2022-04-10 14:15:27.940
187.0,985.0,277.0,5,2022-04-10 14:15:28.179
1431.0,969.0,430.0,27,2022-04-10 14:15:29.660
2700.0,990.0,313.0,53,2022-04-10 14:15:32.429
508.0,1047.0,211.0,11,2022-04-10 14:15:32.981
455.0,1081.0,627.0,10,2022-04-10 14:15:33.574
143.0,1090.0,638.0,3,2022-04-10 14:15:33.912
164.0,1048.0,361.0,4,2022-04-10 14:15:34.183
535.0,1015.0,248.0,10,2022-04-10 14:15:34.767
284.0,1081.0,387.0,7,2022-04-10 14:15:35.101
446.0,1094.0,502.0,10,2022-04-10 14:15:35.594
235.0,1099.0,394.0,4,2022-04-10 14:15:35.884
462.0,1032.0,281.0,9,2022-04-10 14:15:36.401
138.0,1143.0,482.0,3,2022-04-10 14:15:36.650
681.0,1154.0,571.0,13,2022-04-10 14:15:37.434
192.0,1090.0,437.0,5,2022-04-10 14:15:37.675
530.0,1103.0,304.0,12,2022-04-10 14:15:38.255
145.0,1131.0,412.0,4,2022-04-10 14:15:38.441
104.0,1135.0,513.0,3,2022-04-10 14:15:38.591
399.0,1055.0,204.0,9,2022-04-10 14:15:39.099
458.0,1072.0,356.0,9,2022-04-10 14:15:39.599
165.0,1062.0,462.0,4,2022-04-10 14:15:39.810
387.0,1040.0,583.0,9,2022-04-10 14:15:41.348
252.0,1084.0,425.0,6,2022-04-10 14:15:41.649
209.0,1097.0,324.0,5,2022-04-10 14:15:41.905
230.0,1100.0,458.0,5,2022-04-10 14:15:42.195
411.0,987.0,518.0,8,2022-04-10 14:15:42.659
253.0,1072.0,493.0,6,2022-04-10 14:15:43.468
521.0,1078.0,291.0,12,2022-04-10 14:15:44.042
216.0,976.0,240.0,5,2022-04-10 14:15:44.305
385.0,1145.0,599.0,8,2022-04-10 14:15:45.865
589.0,718.0,618.0,13,2022-04-10 14:15:46.547
337.0,933.0,520.0,8,2022-04-10 14:15:47.024
560.0,1071.0,704.0,11,2022-04-10 14:15:47.635
562.0,1136.0,565.0,11,2022-04-10 14:15:48.246
452.0,1074.0,460.0,10,2022-04-10 14:15:48.745
113.0,1059.0,523.0,3,2022-04-10 14:15:49.387
147.0,1076.0,335.0,4,2022-04-10 14:15:49.579
547.0,1102.0,497.0,11,2022-04-10 14:15:50.183
215.0,1182.0,404.0,5,2022-04-10 14:15:51.254
372.0,1143.0,528.0,9,2022-04-10 14:15:51.673
291.0,1093.0,419.0,7,2022-04-10 14:15:52.004
307.0,1111.0,316.0,7,2022-04-10 14:15:52.360
188.0,1233.0,225.0,5,2022-04-10 14:15:52.616
227.0,1026.0,208.0,5,2022-04-10 14:15:52.908
335.0,1228.0,214.0,7,2022-04-10 14:15:53.298
311.0,1127.0,705.0,7,2022-04-10 14:15:53.748
740.0,1001.0,588.0,16,2022-04-10 14:15:54.541
286.0,1098.0,458.0,7,2022-04-10 14:15:54.875
507.0,1172.0,576.0,11,2022-04-10 14:15:55.441
475.0,1089.0,403.0,10,2022-04-10 14:15:55.985
345.0,1116.0,296.0,6,2022-04-10 14:15:56.402
350.0,1115.0,713.0,8,2022-04-10 14:15:56.847
219.0,1130.0,498.0,5,2022-04-10 14:15:58.077
440.0,1035.0,309.0,9,2022-04-10 14:15:58.583
610.0,1148.0,411.0,13,2022-04-10 14:15:59.379
300.0,1115.0,540.0,7,2022-04-10 14:15:59.730
418.0,1069.0,340.0,9,2022-04-10 14:16:00.205
467.0,1177.0,247.0,10,2022-04-10 14:16:00.734
236.0,1055.0,206.0,5,2022-04-10 14:16:01.052
108.0,1068.0,590.0,3,2022-04-10 14:16:01.381
459.0,1127.0,700.0,10,2022-04-10 14:16:01.904
404.0,1098.0,370.0,9,2022-04-10 14:16:02.408
497.0,1091.0,259.0,11,2022-04-10 14:16:02.961
498.0,969.0,214.0,10,2022-04-10 14:16:03.513
1337.0,1147.0,615.0,26,2022-04-10 14:16:04.963
1554.0,1178.0,320.0,30,2022-04-10 14:16:07.157
427.0,1111.0,420.0,10,2022-04-10 14:16:07.643
1381.0,1028.0,295.0,25,2022-04-10 14:16:09.083
832.0,1035.0,189.0,16,2022-04-10 14:16:09.967
294.0,1190.0,211.0,7,2022-04-10 14:16:10.307
497.0,1123.0,196.0,11,2022-04-10 14:16:11.144
1084.0,1254.0,200.0,20,2022-04-10 14:16:12.276
503.0,1153.0,592.0,11,2022-04-10 14:16:12.884
248.0,1048.0,508.0,6,2022-04-10 14:16:13.178
206.0,1077.0,311.0,5,2022-04-10 14:16:13.429
102.0,1118.0,209.0,3,2022-04-10 14:16:13.583
249.0,1142.0,589.0,6,2022-04-10 14:16:13.942
552.0,1118.0,435.0,10,2022-04-10 14:16:14.545
460.0,992.0,295.0,9,2022-04-10 14:16:15.056
104.0,990.0,176.0,3,2022-04-10 14:16:15.209
443.0,989.0,625.0,10,2022-04-10 14:16:15.754
200.0,560.0,631.0,5,2022-04-10 14:16:16.054
258.0,966.0,314.0,6,2022-04-10 14:16:16.362
1808.0,1091.0,273.0,35,2022-04-10 14:16:18.218
260.0,708.0,386.0,6,2022-04-10 14:16:18.763
391.0,1005.0,322.0,9,2022-04-10 14:16:19.202
1519.0,1132.0,314.0,29,2022-04-10 14:16:20.774
239.0,1063.0,230.0,6,2022-04-10 14:16:24.616
110.0,1213.0,210.0,3,2022-04-10 14:16:24.772
450.0,1116.0,251.0,10,2022-04-10 14:16:26.404
388.0,1262.0,238.0,9,2022-04-10 14:16:26.836
196.0,1083.0,221.0,5,2022-04-10 14:16:27.086
356.0,938.0,221.0,8,2022-04-10 14:16:27.492
507.0,1126.0,216.0,10,2022-04-10 14:16:28.045
107.0,1101.0,452.0,3,2022-04-10 14:16:28.204
913.0,1139.0,405.0,19,2022-04-10 14:16:29.725
444.0,1058.0,511.0,10,2022-04-10 14:16:30.215
212.0,1048.0,633.0,5,2022-04-10 14:16:30.940
146.0,1174.0,240.0,3,2022-04-10 14:16:31.143
483.0,1067.0,301.0,11,2022-04-10 14:16:31.755
304.0,1201.0,180.0,7,2022-04-10 14:16:32.102
465.0,1076.0,600.0,11,2022-04-10 14:16:32.695
299.0,1112.0,710.0,7,2022-04-10 14:16:33.054
368.0,1078.0,428.0,8,2022-04-10 14:16:33.479
541.0,1065.0,593.0,11,2022-04-10 14:16:34.193
104.0,1057.0,488.0,3,2022-04-10 14:16:34.353
878.0,1057.0,366.0,19,2022-04-10 14:16:35.281
1790.0,1102.0,498.0,34,2022-04-10 14:16:37.120
1959.0,1001.0,567.0,39,2022-04-10 14:16:39.133
734.0,895.0,538.0,13,2022-04-10 14:16:39.927
1351.0,977.0,593.0,27,2022-04-10 14:16:41.423
447.0,1091.0,629.0,9,2022-04-10 14:16:41.921
798.0,912.0,627.0,17,2022-04-10 14:16:42.775
243.0,1039.0,630.0,6,2022-04-10 14:16:43.070
190.0,1180.0,507.0,5,2022-04-10 14:16:43.312
443.0,1103.0,609.0,10,2022-04-10 14:16:43.808
732.0,908.0,618.0,12,2022-04-10 14:16:44.611
146.0,554.0,624.0,4,2022-04-10 14:16:44.927
483.0,890.0,617.0,11,2022-04-10 14:16:45.515
1004.9999999999999,1191.0,574.0,20,2022-04-10 14:16:46.663
461.0,1093.0,666.0,10,2022-04-10 14:16:48.203
112.0,1239.0,568.0,3,2022-04-10 14:16:49.680
352.0,1192.0,677.0,7,2022-04-10 14:16:50.078
240.0,1028.0,635.0,5,2022-04-10 14:16:51.028
656.0,924.0,644.0,12,2022-04-10 14:16:51.881
396.0,1074.0,638.0,7,2022-04-10 14:16:52.343
685.0,920.0,630.0,12,2022-04-10 14:16:53.292
201.0,1020.0,631.0,5,2022-04-10 14:16:53.545
144.0,1010.0,636.0,4,2022-04-10 14:16:53.907
367.0,888.0,643.0,8,2022-04-10 14:16:54.327
339.0,1005.0,646.0,7,2022-04-10 14:16:54.725
641.0,1113.0,641.0,12,2022-04-10 14:16:55.465
161.0,1012.0,650.0,4,2022-04-10 14:16:55.673
1564.0,1110.0,595.0,28,2022-04-10 14:16:57.412
307.0,1250.0,467.0,6,2022-04-10 14:16:57.935
908.0,1176.0,622.0,16,2022-04-10 14:16:58.909
352.0,1215.0,625.0,8,2022-04-10 14:16:59.528
364.0,1034.0,630.0,7,2022-04-10 14:16:59.945
679.0,1160.0,635.0,12,2022-04-10 14:17:00.704
1237.0,1174.0,618.0,23,2022-04-10 14:17:02.288
111.0,1224.0,467.0,3,2022-04-10 14:17:02.456
201.0,1216.0,577.0,4,2022-04-10 14:17:02.733
635.0,1054.0,635.0,11,2022-04-10 14:17:03.448
914.0,1175.0,626.0,16,2022-04-10 14:17:04.423
373.0,1041.0,642.0,7,2022-04-10 14:17:04.851
361.0,1163.0,645.0,7,2022-04-10 14:17:05.286
193.0,1264.0,642.0,3,2022-04-10 14:17:05.548
1116.0,1260.0,634.0,19,2022-04-10 14:17:06.960
133.0,1148.0,630.0,3,2022-04-10 14:17:07.151
221.0,1024.0,629.0,5,2022-04-10 14:17:07.431
187.0,1177.0,617.0,4,2022-04-10 14:17:07.676
530.0,1029.0,631.0,9,2022-04-10 14:17:08.265
459.0,1232.0,650.0,7,2022-04-10 14:17:08.793
1318.0,1128.0,654.0,24,2022-04-10 14:17:10.177
943.0,1036.0,641.0,16,2022-04-10 14:17:11.321
240.0,1178.0,666.0,5,2022-04-10 14:17:11.634
107.0,1056.0,660.0,3,2022-04-10 14:17:11.794
318.0,949.0,660.0,7,2022-04-10 14:17:12.158
105.0,1068.0,676.0,3,2022-04-10 14:17:12.306
303.0,1218.0,701.0,7,2022-04-10 14:17:13.203
116.0,1148.0,535.0,3,2022-04-10 14:17:13.423
563.0,1036.0,645.0,11,2022-04-10 14:17:14.171
328.0,1169.0,661.0,7,2022-04-10 14:17:14.555
201.0,1250.0,547.0,5,2022-04-10 14:17:14.802
363.0,1226.0,657.0,8,2022-04-10 14:17:15.217
708.0,1080.0,659.0,13,2022-04-10 14:17:15.993
1586.0,1129.0,577.0,30,2022-04-10 14:17:17.833
106.0,1220.0,641.0,3,2022-04-10 14:17:18.120
746.0,1118.0,673.0,15,2022-04-10 14:17:18.911
379.0,1011.0,654.0,8,2022-04-10 14:17:19.337
510.0,1175.0,637.0,10,2022-04-10 14:17:19.897
387.0,1078.0,647.0,8,2022-04-10 14:17:21.546
118.0,1190.0,295.0,3,2022-04-10 14:17:21.724
416.0,1179.0,632.0,8,2022-04-10 14:17:22.382
413.0,1076.0,644.0,9,2022-04-10 14:17:22.845
252.0,1254.0,641.0,6,2022-04-10 14:17:23.141
589.0,1117.0,614.0,13,2022-04-10 14:17:23.979
361.0,1238.0,654.0,7,2022-04-10 14:17:24.390
786.0,1228.0,564.0,15,2022-04-10 14:17:25.325
646.0,1126.0,601.0,14,2022-04-10 14:17:26.024
911.0,1239.0,543.0,18,2022-04-10 14:17:27.178
778.0,1100.0,624.0,15,2022-04-10 14:17:28.010
631.0,977.0,605.0,14,2022-04-10 14:17:28.695
275.0,1091.0,605.0,6,2022-04-10 14:17:29.027
402.0,1197.0,617.0,9,2022-04-10 14:17:29.478
225.0,1081.0,619.0,5,2022-04-10 14:17:29.776
257.0,1097.0,655.0,5,2022-04-10 14:17:30.480
656.0,1212.0,639.0,14,2022-04-10 14:17:31.182
531.0,1079.0,627.0,12,2022-04-10 14:17:31.767
218.0,976.0,615.0,5,2022-04-10 14:17:32.030
110.0,1048.0,505.0,3,2022-04-10 14:17:32.194
225.0,1075.0,621.0,5,2022-04-10 14:17:32.479
257.0,1155.0,643.0,6,2022-04-10 14:17:33.456
707.0,988.0,611.0,14,2022-04-10 14:17:34.218
579.0,1093.0,580.0,12,2022-04-10 14:17:34.858
247.0,1199.0,605.0,5,2022-04-10 14:17:35.171
213.0,1255.0,499.0,5,2022-04-10 14:17:35.438
241.0,1185.0,602.0,5,2022-04-10 14:17:35.728
2016.0,1054.0,622.0,36,2022-04-10 14:17:37.804
320.0,1067.0,585.0,6,2022-04-10 14:17:38.394
331.0,1058.0,626.0,7,2022-04-10 14:17:38.914
1036.0,1164.0,657.0,20,2022-04-10 14:17:40.010
2076.0,1043.0,646.0,40,2022-04-10 14:17:42.136
576.0,941.0,577.0,12,2022-04-10 14:17:42.758
654.0,1029.0,584.0,12,2022-04-10 14:17:43.605
2910.0,1023.0,524.0,56,2022-04-10 14:17:46.664
678.0,957.0,627.0,14,2022-04-10 14:17:47.511
104.0,835.0,436.0,3,2022-04-10 14:17:47.734
1510.0,938.0,539.0,28,2022-04-10 14:17:49.286
1754.0,933.0,533.0,35,2022-04-10 14:17:51.191
1488.0,907.0,635.0,26,2022-04-10 14:17:52.728
1128.0,987.0,508.0,23,2022-04-10 14:17:53.997
835.0,943.0,628.0,16,2022-04-10 14:17:54.877
1409.0,908.0,506.0,29,2022-04-10 14:17:56.336
128.0,979.0,395.0,3,2022-04-10 14:17:56.530
215.0,962.0,535.0,5,2022-04-10 14:17:56.808
475.0,968.0,628.0,9,2022-04-10 14:17:57.438
792.0,958.0,527.0,17,2022-04-10 14:17:58.287
260.0,1026.0,628.0,6,2022-04-10 14:17:58.600
351.0,973.0,518.0,8,2022-04-10 14:17:59.001
237.0,1014.0,374.0,5,2022-04-10 14:17:59.292
105.0,984.0,520.0,3,2022-04-10 14:17:59.457
475.0,977.0,623.0,9,2022-04-10 14:17:59.979
358.0,1028.0,486.0,6,2022-04-10 14:18:00.394
427.0,856.0,516.0,10,2022-04-10 14:18:00.933
594.0,957.0,492.0,13,2022-04-10 14:18:01.569
284.0,986.0,381.0,6,2022-04-10 14:18:01.902
494.0,988.0,525.0,10,2022-04-10 14:18:02.449
299.0,1138.0,624.0,6,2022-04-10 14:18:02.921
1378.0,1027.0,499.0,28,2022-04-10 14:18:04.343
116.0,1135.0,538.0,3,2022-04-10 14:18:04.520
475.0,993.0,598.0,10,2022-04-10 14:18:05.064
201.0,1026.0,462.0,4,2022-04-10 14:18:05.316
850.0,1133.0,558.0,18,2022-04-10 14:18:06.223
582.0,1007.0,489.0,13,2022-04-10 14:18:06.857
209.0,1141.0,581.0,5,2022-04-10 14:18:07.148
220.0,1039.0,506.0,5,2022-04-10 14:18:07.443
334.0,1168.0,520.0,6,2022-04-10 14:18:07.946
200.0,1237.0,518.0,5,2022-04-10 14:18:08.293
121.0,1127.0,526.0,3,2022-04-10 14:18:08.455
294.0,1118.0,628.0,7,2022-04-10 14:18:08.803
534.0,1236.0,625.0,12,2022-04-10 14:18:09.388
639.0,1125.0,610.0,13,2022-04-10 14:18:10.081
2601.0,1071.0,508.0,51,2022-04-10 14:18:12.733
672.0,1191.0,545.0,13,2022-04-10 14:18:13.453
343.0,1088.0,543.0,8,2022-04-10 14:18:13.846
153.0,1086.0,492.0,4,2022-04-10 14:18:14.137
295.0,1058.0,612.0,7,2022-04-10 14:18:14.486
926.0,1067.0,502.0,19,2022-04-10 14:18:15.463
1438.0,1181.0,584.0,28,2022-04-10 14:18:17.088
102.0,1246.0,524.0,3,2022-04-10 14:18:19.978
109.0,1111.0,488.0,3,2022-04-10 14:18:20.136
749.0,999.0,413.0,15,2022-04-10 14:18:20.931
114.0,1189.0,382.0,3,2022-04-10 14:18:21.089
525.0,1207.0,496.0,10,2022-04-10 14:18:21.666
723.0,1076.0,426.0,16,2022-04-10 14:18:22.434
340.0,1021.0,580.0,8,2022-04-10 14:18:22.820
557.0,992.0,335.0,9,2022-04-10 14:18:23.424
228.0,1052.0,233.0,5,2022-04-10 14:18:23.697
626.0,1180.0,217.0,12,2022-04-10 14:18:24.381
196.0,1052.0,217.0,5,2022-04-10 14:18:24.635
431.0,949.0,223.0,10,2022-04-10 14:18:25.115
382.0,943.0,493.0,9,2022-04-10 14:18:25.664
142.0,1039.0,359.0,4,2022-04-10 14:18:25.863
645.0,1160.0,258.0,12,2022-04-10 14:18:26.577
1258.0,1058.0,264.0,26,2022-04-10 14:18:27.896
299.0,942.0,222.0,7,2022-04-10 14:18:28.240
137.0,1008.0,322.0,4,2022-04-10 14:18:28.418
503.0,1134.0,459.0,10,2022-04-10 14:18:28.974
103.0,1235.0,550.0,3,2022-04-10 14:18:29.129
690.0,928.0,517.0,14,2022-04-10 14:18:29.941
1230.0,1147.0,554.0,26,2022-04-10 14:18:31.218
121.0,1250.0,538.0,3,2022-04-10 14:18:31.415
211.0,1125.0,493.0,5,2022-04-10 14:18:31.675
333.0,1019.0,387.0,6,2022-04-10 14:18:32.066
690.0,1026.0,339.0,15,2022-04-10 14:18:32.924
979.0,925.0,376.0,18,2022-04-10 14:18:33.960
382.0,1050.0,242.0,8,2022-04-10 14:18:34.405
2753.0,1015.0,349.0,52,2022-04-10 14:18:37.204
292.0,1135.0,456.0,6,2022-04-10 14:18:37.559
556.0,1091.0,559.0,12,2022-04-10 14:18:38.160
151.0,1196.0,602.0,4,2022-04-10 14:18:38.356
198.0,1111.0,458.0,5,2022-04-10 14:18:38.605
196.0,1022.0,344.0,5,2022-04-10 14:18:38.846
495.0,974.0,580.0,10,2022-04-10 14:18:39.532
443.0,969.0,470.0,8,2022-04-10 14:18:40.026
272.0,1145.0,487.0,6,2022-04-10 14:18:40.360
588.0,1033.0,565.0,13,2022-04-10 14:18:40.998
104.0,978.0,626.0,3,2022-04-10 14:18:41.247
2349.0,1001.0,609.0,46,2022-04-10 14:18:43.744
439.0,1110.0,601.0,10,2022-04-10 14:18:44.234
975.0,1007.0,641.0,17,2022-04-10 14:18:45.254
382.0,1095.0,558.0,8,2022-04-10 14:18:45.757
654.0,975.0,652.0,14,2022-04-10 14:18:46.465
245.0,1055.0,546.0,6,2022-04-10 14:18:46.758
297.0,1055.0,418.0,7,2022-04-10 14:18:47.113
270.0,966.0,559.0,6,2022-04-10 14:18:47.425
429.0,1142.0,570.0,9,2022-04-10 14:18:47.915
305.0,999.0,540.0,6,2022-04-10 14:18:48.543
396.0,1240.0,537.0,9,2022-04-10 14:18:49.128
357.0,1064.0,557.0,8,2022-04-10 14:18:49.545
237.0,1196.0,604.0,6,2022-04-10 14:18:49.828
138.0,1015.0,375.0,3,2022-04-10 14:18:50.119
514.0,999.0,273.0,11,2022-04-10 14:18:50.704
309.0,1061.0,242.0,7,2022-04-10 14:18:51.222
414.0,993.0,262.0,9,2022-04-10 14:18:52.034
233.0,1032.0,453.0,6,2022-04-10 14:18:52.317
483.0,1174.0,477.0,10,2022-04-10 14:18:53.406
170.0,1067.0,406.0,4,2022-04-10 14:18:53.664
861.0,1006.0,288.0,18,2022-04-10 14:18:54.576
102.0,975.0,433.0,3,2022-04-10 14:18:54.737
195.0,1174.0,534.0,5,2022-04-10 14:18:54.982
193.0,1010.0,340.0,5,2022-04-10 14:18:55.382
586.0,1110.0,269.0,12,2022-04-10 14:18:56.031
199.0,998.0,244.0,4,2022-04-10 14:18:56.299
162.0,908.0,90.0,4,2022-04-10 14:18:56.553
388.0,1086.0,144.0,9,2022-04-10 14:18:56.986
672.0,994.0,509.0,13,2022-04-10 14:18:57.713
2011.0000000000002,1010.0,315.0,34,2022-04-10 14:18:59.783
3735.0,1011.0,207.0,69,2022-04-10 14:19:03.573
113.0,503.0,628.0,3,2022-04-10 14:19:03.805
683.0,952.0,440.0,13,2022-04-10 14:19:04.595
112.0,965.0,688.0,3,2022-04-10 14:19:04.878
434.0,937.0,558.0,10,2022-04-10 14:19:08.243
209.0,1074.0,495.0,5,2022-04-10 14:19:08.496
391.0,1145.0,617.0,7,2022-04-10 14:19:08.936
334.0,1031.0,600.0,7,2022-04-10 14:19:09.327
123.0,967.0,383.0,3,2022-04-10 14:19:09.507
276.0,998.0,270.0,6,2022-04-10 14:19:09.863
420.0,1190.0,605.0,9,2022-04-10 14:19:10.423
1025.0,1024.0,270.0,21,2022-04-10 14:19:11.544
117.0,1149.0,162.0,3,2022-04-10 14:19:11.732
1025.0,1109.0,262.0,18,2022-04-10 14:19:12.813
275.0,1096.0,156.0,6,2022-04-10 14:19:13.142
264.0,1080.0,257.0,6,2022-04-10 14:19:13.460
3026.0,1193.0,238.0,54,2022-04-10 14:19:16.535
121.0,1121.0,129.0,3,2022-04-10 14:19:16.844
244.0,1072.0,238.0,5,2022-04-10 14:19:17.158
299.0,1198.0,226.0,5,2022-04-10 14:19:17.510
313.0,1192.0,305.0,7,2022-04-10 14:19:18.161
676.0,1036.0,322.0,13,2022-04-10 14:19:18.897
539.0,1127.0,119.0,11,2022-04-10 14:19:19.489
125.0,1056.0,219.0,3,2022-04-10 14:19:19.679
181.0,1130.0,266.0,4,2022-04-10 14:19:20.233
111.0,1216.0,591.0,3,2022-04-10 14:19:20.488
164.0,1040.0,243.0,4,2022-04-10 14:19:20.765
265.0,1228.0,599.0,6,2022-04-10 14:19:21.140
228.0,1059.0,264.0,5,2022-04-10 14:19:21.464
313.0,982.0,513.0,7,2022-04-10 14:19:21.831
102.0,975.0,617.0,3,2022-04-10 14:19:21.973
227.0,1030.0,328.0,4,2022-04-10 14:19:22.413
883.0,981.0,434.0,15,2022-04-10 14:19:23.341
332.0,994.0,534.0,7,2022-04-10 14:19:23.728
269.0,1035.0,430.0,6,2022-04-10 14:19:24.056
285.0,1070.0,560.0,7,2022-04-10 14:19:24.387
381.0,1085.0,439.0,8,2022-04-10 14:19:24.810
644.0,1164.0,691.0,11,2022-04-10 14:19:25.507
661.0,989.0,455.0,13,2022-04-10 14:19:26.244
105.0,878.0,492.0,3,2022-04-10 14:19:26.401
186.0,987.0,560.0,5,2022-04-10 14:19:26.641
384.0,1186.0,540.0,6,2022-04-10 14:19:27.083
390.0,1196.0,672.0,9,2022-04-10 14:19:27.525
169.0,1086.0,594.0,4,2022-04-10 14:19:27.769
287.0,1037.0,427.0,6,2022-04-10 14:19:28.119
603.0,1209.0,595.0,12,2022-04-10 14:19:28.794
473.0,1051.0,438.0,10,2022-04-10 14:19:29.324
158.0,1189.0,621.0,4,2022-04-10 14:19:29.700
974.0,1028.0,348.0,17,2022-04-10 14:19:30.796
347.0,1156.0,587.0,7,2022-04-10 14:19:31.212
175.0,1092.0,444.0,4,2022-04-10 14:19:31.432
439.0,1051.0,330.0,8,2022-04-10 14:19:31.920
511.0,1186.0,608.0,10,2022-04-10 14:19:32.538
1039.0,1066.0,423.0,16,2022-04-10 14:19:33.734
267.0,1245.0,618.0,6,2022-04-10 14:19:34.068
530.0,1101.0,381.0,12,2022-04-10 14:19:34.652
405.0,1253.0,676.0,9,2022-04-10 14:19:35.216
1018.9999999999999,1054.0,369.0,18,2022-04-10 14:19:36.385
444.0,1234.0,594.0,8,2022-04-10 14:19:36.900
962.0,1049.0,207.0,16,2022-04-10 14:19:37.979
336.0,1142.0,352.0,7,2022-04-10 14:19:38.382
884.0,1072.0,249.0,17,2022-04-10 14:19:39.316
283.0,1079.0,380.0,7,2022-04-10 14:19:39.643
648.0,1219.0,578.0,14,2022-04-10 14:19:40.340
236.0,1253.0,693.0,6,2022-04-10 14:19:40.639
309.0,1226.0,626.0,5,2022-04-10 14:19:41.088
641.0,1236.0,703.0,12,2022-04-10 14:19:44.080
282.0,1221.0,531.0,7,2022-04-10 14:19:45.793
114.0,1168.0,649.0,3,2022-04-10 14:19:45.969
824.0,1161.0,545.0,16,2022-04-10 14:19:46.841
197.0,1042.0,455.0,4,2022-04-10 14:19:47.113
207.0,1189.0,687.0,5,2022-04-10 14:19:47.479
349.0,1063.0,685.0,7,2022-04-10 14:19:47.872
1029.0,1175.0,680.0,20,2022-04-10 14:19:48.953
273.0,992.0,653.0,6,2022-04-10 14:19:49.390
412.0,976.0,640.0,9,2022-04-10 14:19:50.215
370.0,402.0,607.0,8,2022-04-10 14:19:53.446
324.0,1059.0,55.0,6,2022-04-10 14:19:54.412
305.0,769.0,615.0,6,2022-04-10 14:19:54.896
309.0,496.0,688.0,7,2022-04-10 14:19:55.272
488.0,393.0,600.0,11,2022-04-10 14:19:55.824
199.0,609.0,570.0,5,2022-04-10 14:19:56.076
424.0,718.0,569.0,9,2022-04-10 14:19:56.554
287.0,827.0,586.0,6,2022-04-10 14:19:56.887
231.0,849.0,667.0,4,2022-04-10 14:19:57.561
466.0,506.0,650.0,10,2022-04-10 14:19:58.251
153.0,885.0,567.0,3,2022-04-10 14:20:00.221
135.0,1041.0,528.0,3,2022-04-10 14:20:00.425
189.0,961.0,449.0,5,2022-04-10 14:20:07.845
205.0,1048.0,698.0,5,2022-04-10 14:20:08.761
125.0,1208.0,546.0,3,2022-04-10 14:20:10.248
446.0,1167.0,655.0,9,2022-04-10 14:20:10.742
350.0,905.0,614.0,7,2022-04-10 14:20:11.165
156.0,788.0,602.0,4,2022-04-10 14:20:11.374
280.0,917.0,601.0,7,2022-04-10 14:20:11.698
244.0,783.0,551.0,6,2022-04-10 14:20:12.004
190.0,1048.0,523.0,5,2022-04-10 14:20:12.347
279.0,785.0,473.0,7,2022-04-10 14:20:12.726
129.0,904.0,465.0,3,2022-04-10 14:20:12.919
167.0,1035.0,472.0,4,2022-04-10 14:20:13.135
230.0,1151.0,472.0,5,2022-04-10 14:20:13.416
536.0,829.0,456.0,11,2022-04-10 14:20:14.091
389.0,937.0,389.0,9,2022-04-10 14:20:14.536
456.0,1042.0,378.0,10,2022-04-10 14:20:15.043
596.0,862.0,347.0,12,2022-04-10 14:20:15.691
526.0,965.0,332.0,10,2022-04-10 14:20:16.269
267.0,857.0,332.0,6,2022-04-10 14:20:16.817
1448.0,973.0,332.0,24,2022-04-10 14:20:18.312
214.0,853.0,432.0,4,2022-04-10 14:20:18.573
477.0,974.0,358.0,9,2022-04-10 14:20:19.272
263.0,850.0,675.0,6,2022-04-10 14:20:21.925
348.0,725.0,701.0,7,2022-04-10 14:20:22.321
254.0,1038.0,645.0,5,2022-04-10 14:20:22.765
125.0,774.0,556.0,3,2022-04-10 14:20:29.319
195.0,876.0,498.0,4,2022-04-10 14:20:29.610
384.0,982.0,491.0,7,2022-04-10 14:20:30.041
362.0,1178.0,507.0,7,2022-04-10 14:20:30.457
360.0,940.0,510.0,8,2022-04-10 14:20:31.001
349.0,886.0,561.0,6,2022-04-10 14:20:32.378
152.0,810.0,575.0,4,2022-04-10 14:20:33.499
559.0,1097.0,399.0,11,2022-04-10 14:20:36.987
360.0,976.0,474.0,7,2022-04-10 14:20:37.405
408.0,1021.0,523.0,8,2022-04-10 14:20:39.613
218.0,949.0,509.0,5,2022-04-10 14:20:41.001
334.0,1059.0,459.0,8,2022-04-10 14:20:41.399
469.0,912.0,441.0,11,2022-04-10 14:20:41.923
173.0,1028.0,467.0,4,2022-04-10 14:20:42.141
566.0,997.0,531.0,11,2022-04-10 14:20:44.249
1606.0,1155.0,479.0,28,2022-04-10 14:20:45.918
747.0,1009.0,469.0,14,2022-04-10 14:20:46.724
1341.0,1134.0,471.0,25,2022-04-10 14:20:48.116
511.0,1026.0,482.0,8,2022-04-10 14:20:48.692
274.0,924.0,468.0,6,2022-04-10 14:20:49.017
699.0,1030.0,470.0,14,2022-04-10 14:20:49.769
479.0,1023.0,584.0,9,2022-04-10 14:20:50.303
963.0,1041.0,582.0,17,2022-04-10 14:20:51.382
616.0,1078.0,592.0,12,2022-04-10 14:20:52.568
101.0,966.0,646.0,3,2022-04-10 14:20:52.723
471.0,983.0,586.0,9,2022-04-10 14:20:54.140
519.0,868.0,364.0,10,2022-04-10 14:20:54.715
158.0,893.0,483.0,4,2022-04-10 14:20:55.039
177.0,994.0,572.0,4,2022-04-10 14:20:55.273
895.0,856.0,368.0,16,2022-04-10 14:20:56.228
257.0,958.0,291.0,5,2022-04-10 14:20:56.565
1392.0,855.0,302.0,25,2022-04-10 14:20:58.032
1597.0,874.0,198.0,27,2022-04-10 14:20:59.686
115.0,1012.0,276.0,3,2022-04-10 14:20:59.851
152.0,917.0,313.0,4,2022-04-10 14:21:00.619
338.0,1109.0,456.0,7,2022-04-10 14:21:01.400
241.0,483.0,607.0,5,2022-04-10 14:21:01.907
328.0,846.0,404.0,7,2022-04-10 14:21:02.416
112.0,1259.0,343.0,3,2022-04-10 14:21:03.037
388.0,1016.0,326.0,8,2022-04-10 14:21:03.480
279.0,1025.0,618.0,5,2022-04-10 14:21:03.875
375.0,1031.0,625.0,7,2022-04-10 14:21:04.573
2575.0,1025.0,524.0,43,2022-04-10 14:21:07.209
1038.0,1016.0,629.0,19,2022-04-10 14:21:08.308
1887.0,1030.0,528.0,32,2022-04-10 14:21:10.265
209.0,1000.0,637.0,4,2022-04-10 14:21:10.534
1205.0,995.0,533.0,24,2022-04-10 14:21:11.794
254.0,1059.0,534.0,6,2022-04-10 14:21:12.207
130.0,1035.0,651.0,3,2022-04-10 14:21:12.391
206.0,1073.0,680.0,5,2022-04-10 14:21:12.942
3109.0,1030.0,557.0,60,2022-04-10 14:21:16.254
278.0,419.0,695.0,6,2022-04-10 14:21:16.731
383.0,904.0,546.0,8,2022-04-10 14:21:17.201
471.0,1070.0,477.0,10,2022-04-10 14:21:17.734
666.0,940.0,438.0,14,2022-04-10 14:21:18.645
199.0,593.0,579.0,5,2022-04-10 14:21:19.054
450.0,983.0,559.0,10,2022-04-10 14:21:19.654
852.0,1039.0,451.0,16,2022-04-10 14:21:20.549
666.0,987.0,539.0,14,2022-04-10 14:21:21.343
383.0,1028.0,432.0,9,2022-04-10 14:21:21.776
879.0,1013.0,536.0,17,2022-04-10 14:21:22.701
111.0,1010.0,433.0,3,2022-04-10 14:21:22.863
2563.0,1026.0,551.0,50,2022-04-10 14:21:25.473
325.0,1021.0,419.0,7,2022-04-10 14:21:25.850
124.0,1073.0,318.0,3,2022-04-10 14:21:26.046
581.0,949.0,308.0,13,2022-04-10 14:21:26.675
437.0,1023.0,428.0,10,2022-04-10 14:21:27.170
905.0,1004.0,529.0,18,2022-04-10 14:21:28.128
257.0,1147.0,447.0,6,2022-04-10 14:21:28.454
1103.0,1043.0,537.0,22,2022-04-10 14:21:29.618
1401.0,1072.0,529.0,27,2022-04-10 14:21:31.158
194.0,1062.0,500.0,4,2022-04-10 14:21:31.482
1137.0,1028.0,602.0,23,2022-04-10 14:21:32.668
104.0,1089.0,423.0,3,2022-04-10 14:21:32.994
1144.0,1031.0,529.0,21,2022-04-10 14:21:34.192
1463.0,1020.0,572.0,31,2022-04-10 14:21:35.798
1206.0,1063.0,527.0,20,2022-04-10 14:21:37.224
334.0,1115.0,408.0,8,2022-04-10 14:21:37.603
1411.0,1027.0,547.0,27,2022-04-10 14:21:39.375
240.0,216.0,640.0,6,2022-04-10 14:21:39.840
191.0,95.0,644.0,5,2022-04-10 14:21:40.084
206.0,316.0,658.0,5,2022-04-10 14:21:40.389
160.0,500.0,655.0,4,2022-04-10 14:21:40.596
304.0,278.0,671.0,7,2022-04-10 14:21:41.090
189.0,149.0,666.0,4,2022-04-10 14:21:41.339
145.0,847.0,586.0,4,2022-04-10 14:21:41.548
176.0,949.0,570.0,4,2022-04-10 14:21:41.777
178.0,767.0,664.0,4,2022-04-10 14:21:42.013
1008.0,861.0,574.0,19,2022-04-10 14:21:44.637
201.0,917.0,602.0,5,2022-04-10 14:21:45.685
450.0,816.0,625.0,10,2022-04-10 14:21:46.183
206.0,879.0,502.0,5,2022-04-10 14:21:46.973
1178.0,778.0,618.0,23,2022-04-10 14:21:48.207
490.0,359.0,650.0,11,2022-04-10 14:21:48.798
147.0,732.0,510.0,4,2022-04-10 14:21:49.035
708.0,803.0,618.0,14,2022-04-10 14:21:49.800
233.0,1098.0,642.0,5,2022-04-10 14:21:50.094
101.0,824.0,646.0,3,2022-04-10 14:21:50.351
192.0,725.0,591.0,4,2022-04-10 14:21:50.736
234.0,592.0,651.0,6,2022-04-10 14:21:51.020
344.0,711.0,605.0,8,2022-04-10 14:21:51.410
132.0,1133.0,673.0,3,2022-04-10 14:22:05.535
242.0,915.0,345.0,6,2022-04-10 14:22:17.798
148.0,926.0,242.0,4,2022-04-10 14:22:17.994
5538.0,974.0,604.0,108,2022-04-10 14:22:24.170
1653.0,1150.0,699.0,34,2022-04-10 14:22:42.978
310.0,1011.0,581.0,6,2022-04-10 14:22:43.334
1187.0,1111.0,607.0,23,2022-04-10 14:22:44.584
1435.0,1070.0,713.0,29,2022-04-10 14:22:46.066
744.0,1187.0,630.0,16,2022-04-10 14:22:47.591
209.0,1129.0,660.0,5,2022-04-10 14:22:48.131
427.0,1016.0,629.0,9,2022-04-10 14:22:48.614
806.0,1046.0,613.0,15,2022-04-10 14:22:49.618
1317.0,1043.0,719.0,28,2022-04-10 14:22:50.985
171.0,1164.0,600.0,4,2022-04-10 14:22:51.489
1675.0,1055.0,601.0,33,2022-04-10 14:22:53.217
203.0,1205.0,469.0,5,2022-04-10 14:22:53.463
421.0,1132.0,572.0,9,2022-04-10 14:22:53.927
431.0,1109.0,575.0,9,2022-04-10 14:22:54.541
132.0,998.0,622.0,3,2022-04-10 14:22:54.732
627.0,1127.0,609.0,13,2022-04-10 14:22:55.422
269.0,1010.0,619.0,6,2022-04-10 14:22:55.740
406.0,1151.0,620.0,9,2022-04-10 14:22:56.193
147.0,1264.0,560.0,4,2022-04-10 14:22:56.528
1444.0,1159.0,601.0,27,2022-04-10 14:22:58.015
1230.0,1056.0,594.0,26,2022-04-10 14:22:59.297
827.0,1168.0,588.0,15,2022-04-10 14:23:00.191
638.0,1041.0,619.0,14,2022-04-10 14:23:00.883
261.0,1211.0,594.0,6,2022-04-10 14:23:01.662
522.0,1070.0,609.0,11,2022-04-10 14:23:02.234
211.0,1173.0,600.0,5,2022-04-10 14:23:02.499
827.0,1218.0,511.0,16,2022-04-10 14:23:03.453
612.0,1094.0,590.0,13,2022-04-10 14:23:04.111
102.0,1086.0,413.0,3,2022-04-10 14:23:04.259
1801.0,1115.0,534.0,33,2022-04-10 14:23:06.107
860.0,1012.0,602.0,18,2022-04-10 14:23:07.016
308.0,1131.0,607.0,7,2022-04-10 14:23:07.374
432.0,1023.0,607.0,8,2022-04-10 14:23:07.868
383.0,1143.0,590.0,7,2022-04-10 14:23:08.305
580.0,1041.0,534.0,12,2022-04-10 14:23:08.939
501.0,1147.0,534.0,11,2022-04-10 14:23:09.492
520.0,1036.0,593.0,11,2022-04-10 14:23:10.063
193.0,1145.0,404.0,4,2022-04-10 14:23:10.316
172.0,1194.0,302.0,4,2022-04-10 14:23:10.536
527.0,1165.0,524.0,10,2022-04-10 14:23:11.107
140.0,934.0,313.0,4,2022-04-10 14:23:11.415
214.0,949.0,491.0,5,2022-04-10 14:23:11.675
616.0,1179.0,311.0,13,2022-04-10 14:23:12.383
134.0,1191.0,576.0,3,2022-04-10 14:23:12.933
825.0,1099.0,527.0,15,2022-04-10 14:23:13.891
162.0,997.0,604.0,4,2022-04-10 14:23:14.102
855.0,1103.0,554.0,17,2022-04-10 14:23:15.000
2294.0,994.0,531.0,44,2022-04-10 14:23:17.355
3732.0,943.0,428.0,71,2022-04-10 14:23:21.138
405.0,1008.0,529.0,8,2022-04-10 14:23:21.594
557.0,1009.0,420.0,12,2022-04-10 14:23:22.223
2001.0,1000.0,536.0,37,2022-04-10 14:23:24.277
2297.0,973.0,435.0,46,2022-04-10 14:23:26.630
171.0,1022.0,327.0,4,2022-04-10 14:23:26.853
119.0,985.0,427.0,3,2022-04-10 14:23:27.040
1658.0,1095.0,533.0,33,2022-04-10 14:23:28.752
462.0,975.0,540.0,9,2022-04-10 14:23:29.259
1404.0,1110.0,529.0,27,2022-04-10 14:23:30.708
238.0,1090.0,424.0,6,2022-04-10 14:23:30.991
347.0,974.0,444.0,8,2022-04-10 14:23:31.393
350.0,918.0,286.0,7,2022-04-10 14:23:31.791
555.0,1105.0,424.0,9,2022-04-10 14:23:32.415
548.0,1171.0,536.0,11,2022-04-10 14:23:33.039
1408.0,1074.0,423.0,26,2022-04-10 14:23:34.505
581.0,1167.0,538.0,11,2022-04-10 14:23:35.140
546.0,1084.0,437.0,12,2022-04-10 14:23:35.735
472.0,994.0,321.0,10,2022-04-10 14:23:36.258
107.0,1059.0,209.0,3,2022-04-10 14:23:36.415
367.0,1107.0,425.0,8,2022-04-10 14:23:36.923
855.0,995.0,384.0,16,2022-04-10 14:23:37.838
345.0,1114.0,508.0,7,2022-04-10 14:23:38.238
349.0,997.0,417.0,7,2022-04-10 14:23:38.695
1632.0,935.0,357.0,31,2022-04-10 14:23:40.526
899.0,1058.0,439.0,19,2022-04-10 14:23:41.476
211.0,957.0,364.0,5,2022-04-10 14:23:41.736
904.0,1058.0,514.0,17,2022-04-10 14:23:42.688
256.0,1229.0,426.0,5,2022-04-10 14:23:43.045
656.0,1127.0,514.0,14,2022-04-10 14:23:43.754
130.0,964.0,666.0,3,2022-04-10 14:23:44.997
156.0,1130.0,653.0,4,2022-04-10 14:23:45.208
255.0,1026.0,654.0,6,2022-04-10 14:23:46.173
1791.0,924.0,659.0,36,2022-04-10 14:23:48.008
260.0,1085.0,545.0,5,2022-04-10 14:23:48.331
177.0,1184.0,273.0,4,2022-04-10 14:23:48.620
110.0,973.0,501.0,3,2022-04-10 14:23:48.782
339.0,950.0,617.0,8,2022-04-10 14:23:49.183
643.0,1153.0,629.0,14,2022-04-10 14:23:49.875
349.0,1095.0,632.0,7,2022-04-10 14:23:50.373
221.0,1149.0,412.0,5,2022-04-10 14:23:50.661
228.0,1154.0,680.0,5,2022-04-10 14:23:51.239
147.0,1051.0,682.0,4,2022-04-10 14:23:51.463
186.0,1068.0,572.0,5,2022-04-10 14:23:51.706
706.0,1264.0,642.0,15,2022-04-10 14:23:52.464
245.0,1157.0,667.0,6,2022-04-10 14:23:52.763
804.0,1040.0,672.0,14,2022-04-10 14:23:53.622
389.0,913.0,712.0,9,2022-04-10 14:23:54.312
754.0,1165.0,671.0,16,2022-04-10 14:23:55.186
281.0,1206.0,653.0,6,2022-04-10 14:23:55.630
301.0,1097.0,658.0,7,2022-04-10 14:23:55.989
1228.0,986.0,559.0,25,2022-04-10 14:23:57.952
164.0,1087.0,547.0,4,2022-04-10 14:23:58.168
380.0,1205.0,542.0,7,2022-04-10 14:23:58.596
487.0,1195.0,424.0,9,2022-04-10 14:23:59.137
232.0,964.0,501.0,5,2022-04-10 14:23:59.547
468.0,1131.0,496.0,10,2022-04-10 14:24:00.056
1814.0,1025.0,490.0,33,2022-04-10 14:24:01.928
1695.0,1208.0,525.0,32,2022-04-10 14:24:03.667
285.0,1146.0,557.0,7,2022-04-10 14:24:05.253
277.0,1044.0,551.0,6,2022-04-10 14:24:05.584
1045.0,923.0,549.0,20,2022-04-10 14:24:06.701
883.0,937.0,652.0,15,2022-04-10 14:24:07.636
1508.0,1100.0,656.0,29,2022-04-10 14:24:09.307
252.0,1144.0,553.0,6,2022-04-10 14:24:10.613
592.0,888.0,616.0,11,2022-04-10 14:24:11.334
166.0,913.0,504.0,4,2022-04-10 14:24:11.553
234.0,1091.0,576.0,5,2022-04-10 14:24:11.839
429.0,1216.0,433.0,9,2022-04-10 14:24:12.319
159.0,1118.0,561.0,4,2022-04-10 14:24:12.548
221.0,1016.0,579.0,5,2022-04-10 14:24:12.815
209.0,902.0,601.0,5,2022-04-10 14:24:13.079
350.0,921.0,710.0,8,2022-04-10 14:24:13.481
362.0,1237.0,681.0,8,2022-04-10 14:24:13.936
316.0,988.0,171.0,6,2022-04-10 14:24:14.586
193.0,1135.0,182.0,5,2022-04-10 14:24:14.830
380.0,1027.0,560.0,7,2022-04-10 14:24:15.317
688.0,961.0,571.0,14,2022-04-10 14:24:16.174
243.0,1213.0,621.0,6,2022-04-10 14:24:16.557
523.0,1108.0,577.0,11,2022-04-10 14:24:17.145
167.0,984.0,98.0,4,2022-04-10 14:24:17.430
150.0,544.0,539.0,4,2022-04-10 14:24:18.229
543.0,414.0,627.0,11,2022-04-10 14:24:18.818
812.0,924.0,619.0,17,2022-04-10 14:24:19.721
546.0,1086.0,527.0,11,2022-04-10 14:24:20.333
441.0,979.0,581.0,8,2022-04-10 14:24:20.848
747.0,988.0,104.0,15,2022-04-10 14:24:22.874
119.0,1060.0,106.0,3,2022-04-10 14:24:23.475
